,pvalues,tstats
I(NEE;VPD)13,0.04643685940505685,2.060470307616202
I(NEE;C13),0.013019143769368887,-2.6092016449852147
U(NEE;C13),0.030499114313733998,-2.24976974495801
S(NEE;C13),0.0392834332697569,2.13689939570474
R(NEE;C13),0.009600189153187897,-2.731647003068398
S(LH;C13),0.030447860731081938,2.2505093761112134
R(LH;C13),0.022440734561294414,-2.3826106633942215
